{"a": [[0.9994182054485172, 0.00021092429181706487, 2.4500864576066947e-08, -1.6944780219410648e-12, 0.0, 0.0], [0.0004218484886457203, 0.9993458934125535, 0.00023220277121153524, -2.415761054566228e-08, 0.0, 0.0], [6.370225666400892e-10, 3.0186371208644354e-06, 1.0001956943931896, -0.00020927319074598314, 0.0, 0.0], [-7.342738920645097e-12, -5.234150718635194e-08, -0.03487886424609829, 1.0348790996711965, 0.0, 0.0], [0.0, 0.0, 0.0, 0.0, 0.8469680379577411, 0.0], [0.0, 0.0, 0.0, 0.0, 0.0, 6.62543596081398e-08]], "b": [[0.0003708457604093068, 3.3954236986166754e-14, 5.228401096719088e-14, 0.0, 0.0115549200839485, 3.711465258641238e-08, 5.98967036670473e-08, 3.4518817173232687e-14, 0.0], [7.825925013264784e-08, 4.826882519927394e-10, 7.432615220069383e-10, 0.0, 4.5645829244814154e-05, 0.00035173632524186687, 0.0005676422913236598, 4.907142377840152e-10, 0.0], [7.877545801882851e-14, 4.157558464744505e-06, 6.401964869833444e-06, 0.0, -1.2052207056993764e-08, -2.5826224112351265e-08, -4.594144636989307e-08, 4.226689016455011e-06, 0.0], [-6.798187517631049e-16, -7.208187150986213e-08, -1.109943764041197e-07, 0.0, 0.00011851784266867234, 0.00025774241530437096, 0.00045763263679259226, -7.328042580273818e-08, 0.0], [0.0, 0.08151603679899755, 0.0, 0.07151592524326168, 0.0, 0.0, 0.0, 0.0, 0.0], [0.0, 0.0, 0.0, 0.99999993374564, 0.0, 0.0, 0.0, 0.0, 0.0]], "c": [[0.0, 0.0, 0.0, 0.0, -1552.3875942523237, -1101.9840861726675]], "d": [[0.0, 0.0, 0.0, 2654.371680424991, 0.0, 0.0, 0.0, 0.0, 274999.9999740066]]}