{
    "a": [
        [
            0.9993930969918792,
            0.0003378014369773783,
            1.119342622589544e-07,
            1.6806626912083165e-12,
            0.0,
            0.0
        ],
        [
            0.0006756028547396688,
            0.9986623561746243,
            0.0006621197835345543,
            1.4903270091828997e-08,
            0.0,
            0.0
        ],
        [
            2.9102907229546298e-09,
            8.607557147483909e-06,
            1.000504205777226,
            4.4965588259215246e-05,
            0.0,
            0.0
        ],
        [
            7.282871459871822e-12,
            3.229041855492665e-08,
            0.007494264748611737,
            0.9925077949522718,
            0.0,
            0.0
        ],
        [
            0.0,
            0.0,
            0.0,
            0.0,
            0.8611885888974335,
            0.0
        ],
        [
            0.0,
            0.0,
            0.0,
            0.0,
            0.0,
            1.0000000081130729
        ]
    ],
    "b": [
        [
            0.00026898965600931026,
            -2.1251068522953917e-11,
            4.421807747596147e-13,
            0.0,
            0.011593666860525988,
            3.554193615860769e-08,
            3.889080033547267e-08,
            1.2987513729344912e-13,
            0.0
        ],
        [
            9.092215754397581e-08,
            -1.8856181882133724e-07,
            3.923492649155098e-09,
            0.0,
            0.0002369038443462894,
            0.00021022197250574753,
            0.0002300296956182897,
            1.1523887413600787e-09,
            0.0
        ],
        [
            2.610566109903885e-13,
            -0.0005696344802901198,
            1.1852647105834274e-05,
            0.0,
            1.132448895651838e-09,
            7.429611107926671e-09,
            7.466746264236952e-09,
            3.4813005404811692e-06,
            0.0
        ],
        [
            4.901224154518917e-16,
            -2.136452742059294e-06,
            4.445415663220345e-08,
            0.0,
            5.208081126217933e-06,
            0.0002887572608042669,
            0.0002866247390941927,
            1.3056853724612042e-08,
            0.0
        ],
        [
            0.0,
            0.0926749122644451,
            0.0,
            0.046136498838121195,
            0.0,
            0.0,
            0.0,
            0.0,
            0.0
        ],
        [
            0.0,
            0.0,
            0.0,
            -8.113072982721485e-09,
            0.0,
            0.0,
            0.0,
            0.0,
            0.0
        ]
    ],
    "c": [
        [
            0.0,
            0.0,
            0.0,
            0.0,
            -1655.6563344588878,
            5.4087152998736725
        ]
    ],
    "d": [
        [
            0.0,
            0.0,
            0.0,
            1650.2476191590142,
            0.0,
            0.0,
            0.0,
            0.0,
            465000.0
        ]
    ]
}