{
    "not_empty": 1,
    "3": [
        {
            "time": "2022031212%M47",
            "arg": {
                "start": 0,
                "end": 2016,
                "input_num": 7,
                "state_num": 5,
                "ts_sampling": 300,
                "n_particles": 5,
                "iters": 5,
                "case_nbr": 3
            },
            "cost_hist": [
                4197937016555.895,
                231231529269.8765,
                227554846431.8132,
                226938512314.61514,
                226756952341.24127
            ],
            "pos": [
                0.6764681984194214,
                1.521808349499993,
                1.6815642384302942,
                1.009531211826742,
                2.815541939196452,
                2.6033478957395624,
                885000.5662615361,
                4120002.661971366,
                28000002.454306994,
                2700000.708841531,
                2.42e+16
            ],
            "elapsed_time": 6.3706231117248535
        }
    ],
    "3": [
        {
            "time": "20220312120607",
            "arg": {
                "start": 0,
                "end": 2016,
                "input_num": 7,
                "state_num": 5,
                "ts_sampling": 300,
                "n_particles": 5,
                "iters": 5,
                "case_nbr": 3
            },
            "cost_hist": [
                4197937016555.895,
                228748709041.95206,
                227086036348.29,
                226776917129.99612,
                226674638516.55554
            ],
            "pos": [
                0.473797694869201,
                2.5718261281266797,
                0.4610124823791859,
                2.58540316294441,
                0.9017912678747944,
                0.48090535135167156,
                885001.4113180471,
                4120000.8913760167,
                28000001.005332075,
                2700000.664190272,
                2.42e+16
            ],
            "elapsed_time": 6.51932168006897
        }
    ]
}