{
    "not_empty": 1,
    "3": [
        {
            "time": "20220312122127",
            "arg": {
                "start": 0,
                "end": 2016,
                "input_num": 7,
                "state_num": 5,
                "ts_sampling": 300,
                "n_particles": 500,
                "iters": 20,
                "case_nbr": 3
            },
            "cost_hist": [
                4197937016555.895,
                226761242624.26376,
                226596338767.73407,
                226572545032.15924,
                226565771199.04718,
                226563178653.20096,
                226562013844.01672,
                226557113400.74103,
                226557113400.74103,
                226557113400.74103,
                226556733335.38043,
                226556733335.38043,
                226556733335.38043,
                226556733335.38043,
                226556733335.38043,
                226556673599.952,
                226556551775.01306,
                226556084701.54034,
                226556084701.54034,
                226555631039.00363
            ],
            "pos": [
                0.00048612193788923064,
                4.9423863214541,
                2.8642912889644396,
                6.010665506734016,
                2.504584202651433,
                2.048766802366093,
                885000.7235702173,
                4120001.126674844,
                28000006.27614646,
                2700001.3827106184,
                2.42e+16
            ],
            "elapsed_time": 71.69987201690674
        }
    ],
    "-1": [
        {
            "time": "20220316123734",
            "arg": {
                "start": 0,
                "end": 5040,
                "input_num": 12,
                "state_num": 7,
                "ts_sampling": 120,
                "n_particles": 5,
                "iters": 5,
                "case_nbr": -1
            },
            "cost_hist": [
                12124401737.33806,
                12124401737.33806,
                12124401737.33806,
                12124401737.33806,
                12124401737.33806
            ],
            "pos": [
                0.001321283,
                0.028133423,
                0.007146941,
                0.001446759,
                0.062358631,
                0.011574074,
                0.526116071,
                0.009469697,
                0.039708333,
                0.028133423,
                0.028133423,
                462190.104,
                462190.104,
                436078.656,
                436078.656,
                936000.0,
                168512.7872,
                924380.208,
                924380.208,
                1.0,
                1.0,
                1.0
            ],
            "elapsed_time": 9.181389331817627
        },
        {
            "time": "20220316124357",
            "arg": {
                "start": 0,
                "end": 5040,
                "input_num": 12,
                "state_num": 7,
                "ts_sampling": 120,
                "n_particles": 5,
                "iters": 5,
                "case_nbr": -1
            },
            "cost_hist": [
                12124401737.33806,
                12124401737.33806,
                12124401737.33806,
                12124401737.33806,
                12124401737.33806
            ],
            "pos": [
                0.001321283,
                0.028133423,
                0.007146941,
                0.001446759,
                0.062358631,
                0.011574074,
                0.526116071,
                0.009469697,
                0.039708333,
                0.028133423,
                0.028133423,
                462190.104,
                462190.104,
                436078.656,
                436078.656,
                936000.0,
                168512.7872,
                924380.208,
                924380.208,
                1.0,
                1.0,
                1.0
            ],
            "elapsed_time": 8.831171035766602
        }
    ],
    "0": [
        {
            "time": "20220312121611",
            "arg": {
                "start": 0,
                "end": 2016,
                "input_num": 3,
                "state_num": 1,
                "ts_sampling": 300,
                "n_particles": 500,
                "iters": 10,
                "case_nbr": 0
            },
            "cost_hist": [
                73036.38519570131,
                73036.38519570131,
                73036.38519570131,
                73036.38519570131,
                73036.38519570131,
                73036.38519570131,
                73036.38519570131,
                73036.38519570131,
                73036.38519570131,
                73036.38519570131
            ],
            "pos": [
                0.0135746337,
                0.0480479809,
                885000.197,
                1.69230027e-05
            ],
            "elapsed_time": 34.98861289024353
        },
        {
            "time": "20220316132112",
            "arg": {
                "start": 0,
                "end": 2016,
                "input_num": 3,
                "state_num": 1,
                "ts_sampling": 300,
                "n_particles": 500,
                "iters": 100,
                "case_nbr": 0
            },