{
    "not_empty": 1,
    "3": [
        {
            "time": "20220312120607",
            "arg": {
                "start": 0,
                "end": 2016,
                "input_num": 7,
                "state_num": 5,
                "ts_sampling": 300,
                "n_particles": 5,
                "iters": 5,
                "case_nbr": 3
            },
            "cost_hist": [
                4197937016555.895,
                228748709041.95206,
                227086036348.29,
                226776917129.99612,
                226674638516.55554
            ],
            "pos": [
                0.473797694869201,
                2.5718261281266797,
                0.4610124823791859,
                2.58540316294441,
                0.9017912678747944,
                0.48090535135167156,
                885001.4113180471,
                4120000.8913760167,
                28000001.005332075,
                2700000.664190272,
                2.42e+16
            ],
            "elapsed_time": 6.51932168006897
        }
    ],
    "-1": [
        {
            "time": "20220312121152",
            "arg": {
                "start": 0,
                "end": 5040,
                "input_num": 12,
                "state_num": 7,
                "ts_sampling": 120,
                "n_particles": 500,
                "iters": 10,
                "case_nbr": -1
            },
            "cost_hist": [
                12124401737.33806,
                12124401737.33806,
                12124401737.33806,
                12124401737.33806,
                10708940450.717365,
                10708940450.717365,
                10708940450.717365,
                10708940450.717365,
                10708940450.717365,
                9331454066.71894
            ],
            "pos": [
                0.06789108640852312,
                0.6337071204219424,
                -0.32672209979557787,
                0.32313914818075057,
                0.2545485783534896,
                0.4041386614882495,
                0.6178752698448554,
                0.26369163430589676,
                0.4139570587516328,
                0.47849283831103984,
                0.01092856738224908,
                462189.82619293797,
                462190.1016098854,
                436077.9896049183,
                436077.0482302579,
                936000.258059304,
                168512.90578676458,
                924380.8124363773,
                924380.2513766745,
                0.9156006342819153,
                0.9616883157751763,
                1.648033001716672
            ],
            "elapsed_time": 82.6712236404419
        }
    ],
    "0": [
        {
            "time": "20220312121611",
            "arg": {
                "start": 0,
                "end": 2016,
                "input_num": 3,
                "state_num": 1,
                "ts_sampling": 300,
                "n_particles": 500,
                "iters": 10,
                "case_nbr": 0
            },
            "cost_hist": [
                73036.38519570131,
                73036.38519570131,
                73036.38519570131,
                73036.38519570131,
                73036.38519570131,
                73036.38519570131,
                73036.38519570131,
                73036.38519570131,
                73036.38519570131,
                73036.38519570131
            ],
            "pos": [
                0.0135746337,
                0.0480479809,
                885000.197,
                1.69230027e-05
            ],
            "elapsed_time": 34.98861289024353
        }
    ],
    "3": [
        {
            "time": "20220312122127",
            "arg": {
                "start": 0,
                "end": 2016,
                "input_num": 7,
                "state_num": 5,
                "ts_sampling": 300,
                "n_particles": 500,
                "iters": 20,
                "case_nbr": 3
            },
            "cost_hist": [
                4197937016555.895,
                226761242624.26376,
                226596338767.73407,
                226572545032.15924,
                226565771199.04718,
                226563178653.20096,
                226562013844.01672,
                226557113400.74103,
                226557113400.74103,
                226557113400.74103,
                226556733335.38043,
                226556733335.38043,
                226556733335.38043,
                226556733335.38043,
                226556733335.38043,
                226556673599.952,
                226556551775.01306,
                226556084701.54034,
                226556084701.54034,
                226555631039.00363
            ],
            "pos": [
                0.00048612193788923064,
                4.9423863214541,
                2.8642912889644396,
                6.010665506734016,
                2.504584202651433,
                2.048766802366093,
                885000.7235702173,
                4120001.126674844,
                28000006.27614646,
                2700001.3827106184,
                2.42e+16
            ],
            "elapsed_time": 71.69987201690674
        }
    ]
}